id,nomeFuncionario,email,cargo
1,João Silva,estevamsouzalaureth@gmail.com,Analista de Sistemas
2,Davi Silva,estevams186@gmail.com,Analista de Redes
3,Tete Silva,estevamsouzalaureth@hotmail.com,Analista de Segurança
4,Tetesinho Silva,estevamsouzalaureth@hotmail.com,Analista de Segurança
5,Silva,estevamsouzalaureth@hotmail.com,Analista de Segurança
6,Roberto,estevamsouzalaureth@hotmail.com,Analista de Segurança
7,Carlos,estevamsouzalaureth@hotmail.com,Analista de Segurança
8,Gabriel,estevamsouzalaureth@hotmail.com,Analista de Segurança
9,Matheus Silva,estevamsouzalaureth@hotmail.com,Analista de Segurança
10,Olívia Silva,estevamsouzalaureth@hotmail.com,Analista de Segurança
11,Sarah Silva,estevamsouzalaureth@hotmail.com,Analista de Segurança
12,Denis Silva,estevamsouzalaureth@hotmail.com,Analista de Segurança
13,Carlos Silva,estevamsouzalaureth@hotmail.com,Analista de Segurança
14,Daniel Silva,estevamsouzalaureth@hotmail.com,Analista de Segurança
15,Tete Silva,estevamsouzalaureth@hotmail.com,Analista de Segurança
16,Tete Silva,estevamsouzalaureth@hotmail.com,Analista de Segurança
17,Tete Silva,estevamsouzalaureth@hotmail.com,Analista de Segurança
18,Tete Silva,estevamsouzalaureth@hotmail.com,Analista de Segurança
19,Tete Silva,estevamsouzalaureth@hotmail.com,Analista de Segurança
20,Tete Silva,estevamsouzalaureth@hotmail.com,Analista de Segurança
21,Tete Silva,estevamsouzalaureth@hotmail.com,Analista de Segurança
22,Tete Silva,estevamsouzalaureth@hotmail.com,Analista de Segurança
23,Tete Silva,estevamsouzalaureth@hotmail.com,Analista de Segurança
24,Tete Silva,estevamsouzalaureth@hotmail.com,Analista de Segurança
25,Tete Silva,estevamsouzalaureth@hotmail.com,Analista de Segurança
26,Tete Silva,estevamsouzalaureth@hotmail.com,Analista de Segurança
27,Tete Silva,estevamsouzalaureth@hotmail.com,Analista de Segurança
28,Tete Silva,estevamsouzalaureth@hotmail.com,Analista de Segurança
29,Tete Silva,estevamsouzalaureth@hotmail.com,Analista de Segurança
30,Tete Silva,estevamsouzalaureth@hotmail.com,Analista de Segurança
31,Tete Silva,estevamsouzalaureth@hotmail.com,Analista de Segurança
32,Tete Silva,estevamsouzalaureth@hotmail.com,Analista de Segurança
33,Tete Silva,estevamsouzalaureth@hotmail.com,Analista de Segurança
34,Tete Silva,estevamsouzalaureth@hotmail.com,Analista de Segurança
35,Tete Silva,estevamsouzalaureth@hotmail.com,Analista de Segurança
36,Tete Silva,estevamsouzalaureth@hotmail.com,Analista de Segurança
37,Tete Silva,estevamsouzalaureth@hotmail.com,Analista de Segurança
38,Tete Silva,estevamsouzalaureth@hotmail.com,Analista de Segurança
39,Tete Silva,estevamsouzalaureth@hotmail.com,Analista de Segurança
40,Tete Silva,estevamsouzalaureth@hotmail.com,Analista de Segurança